comment,
Tôi rất thích sản phẩm này!,
Dịch vụ khách hàng không tốt.,
Sản phẩm bình thường, không có gì đặc biệt.
Chất lượng sản phẩm rất tốt.,
Giao hàng chậm và sản phẩm bị hỏng.,
Tôi hài lòng với trải nghiệm mua sắm.,
Giá cả hợp lý và chất lượng tốt.,
Không nên mua sản phẩm này.,
Tuyệt vời! Tôi sẽ mua lại.,
Thất vọng với dịch vụ.,
Sản phẩm đúng như mô tả.,
Dịch vụ giao hàng nhanh chóng.,
Chất lượng không như mong đợi.,
Tôi rất hài lòng với sản phẩm.,
Giá cả quá cao so với chất lượng.,
Sản phẩm tốt, đáng mua.
Dịch vụ chăm sóc khách hàng kém.,
Tôi thích thiết kế của sản phẩm.,
Chất lượng sản phẩm tệ.,
Giao hàng đúng hẹn và sản phẩm nguyên vẹn. ,
